,RMSE,MAE,R2
LinearRegression,,89448.55042021447,0.5601876281282445
Ridge,,89447.8126906826,0.5601879665643283
RandomForest,,6313.108056905471,0.9893332722239858
GradientBoosting,,13783.469044654432,0.9910225073447373
